Model,Accuracy,Precision,Recall,F1-score,ROC-AUC,FPR Difference,FNR Difference,Selection Rate Difference
COMPAS Baseline,0.592128801431127,0.4805432227735701,0.6536412078152753,0.5538832028898254,0.6034378545814921,0.2199129651860744,-0.1945704481240886,0.2267819720212849
Gradient Boosting (Reweighed),0.6533700137551581,0.5960912052117264,0.325044404973357,0.4206896551724138,0.6769251624195378,0.0241395793499044,-0.070538958697401,0.0529599729237384
