Model,Accuracy,Precision,Recall,F1-score,ROC-AUC,FPR Difference,FNR Difference,TPR Difference,Selection Rate Difference
COMPAS Baseline,0.592128801431127,0.48054322277357014,0.6536412078152753,0.5538832028898254,0.6034378545814921,0.21991296518607445,-0.19457044812408864,0.19457044812408875,0.22678197202128492
