Model,Accuracy,Precision,Recall,F1-score,ROC-AUC
Logistic Regression,0.655433287482806,0.6107142857142858,0.3037300177619893,0.40569395017793597,0.6802134229606106
Decision Tree,0.6519944979367263,0.5959595959595959,0.31438721136767317,0.4116279069767442,0.6696927833695153
