Model,Accuracy,Precision,Recall,F1-score,ROC-AUC
Reweighed Logistic Regression,0.6478679504814305,0.601593625498008,0.2682060390763766,0.371007371007371,0.6785528464036458
Reweighed Random Forest,0.6423658872077029,0.5704918032786885,0.30905861456483125,0.4009216589861751,0.6678797048838493
Reweighed Gradient Boosting,0.6533700137551581,0.5960912052117264,0.325044404973357,0.4206896551724138,0.6769251624195378
