Model,Accuracy,Precision,Recall,F1-score,ROC-AUC,FPR Difference,FNR Difference,Selection Rate Difference
COMPAS Baseline,0.592128801431127,0.4805432227735701,0.6536412078152753,0.5538832028898254,0.6034378545814921,0.2199129651860744,-0.1945704481240886,0.2267819720212849
Gradient Boosting (Reweighed),0.656121045392022,0.5963302752293578,0.3463587921847247,0.4382022471910112,0.677746479996332,0.0394359464627151,-0.1033258439433025,0.075457160775257
