Criterion,Value
Selected Model,Gradient Boosting
Training Method,Reweighed
Accuracy,0.656121045392022
Precision,0.5963302752293578
Recall,0.3463587921847247
F1-score,0.4382022471910112
ROC-AUC,0.677746479996332
FPR Difference,0.0394359464627151
FNR Difference,-0.1033258439433025
Selection Rate Difference,0.075457160775257
Fairness Gap Score,0.0727396503937582
