Model,Accuracy,Precision,Recall,F1-score,ROC-AUC
Logistic Regression,0.6519944979367263,0.5934426229508196,0.32149200710479575,0.41705069124423966,0.6794140337657212
Decision Tree,0.6485557083906465,0.6262135922330098,0.2291296625222025,0.33550065019505854,0.6619291394306197
