Model,Accuracy,Precision,Recall,F1-score,ROC-AUC
Reweighed Logistic Regression,0.6464924346629987,0.5853658536585366,0.2984014209591474,0.3952941176470588,0.6759214405750817
Reweighed Random Forest,0.6437414030261348,0.5862068965517241,0.27175843694493784,0.3713592233009709,0.6713892427332331
Reweighed Gradient Boosting,0.656121045392022,0.5963302752293578,0.3463587921847247,0.43820224719101125,0.677746479996332
